Workbook

Sheet moras
A1: NUMERO | B1: SEXO | C1: SALARIO | D1: TIPO_ASEGURAMIENTO | E1: SECTOR | F1: INDICADOR_ACTIVO | G1: INDICADOR_EXTRANJERO | H1: INDICADOR_MOROSO | I1: EDAD | J1: VALOR_ATIPICO_SALARIO | K1: VALOR_ATIPICO_EDAD | L1: SALARIO_SIN_NA | M1: Columna1
A2: 1 | B2: HOMBRE | D2: ASALARIADO | E2: SECTOR PUBLICO | F2: SI | G2: NO | H2: NO | I2: 42 | J2: =IFERROR(IF(ABS((C2-resumen!$D$3)/resumen!$D$5) > 1.96, "SI", "NO"), _xleta.NOT) -> NO | K2: =IFERROR(IF(ABS((I2-resumen!$E$3)/resumen!$E$5) > 1.96, "SI", "NO"), _xleta.NOT) -> NO | L2: =IF(ISBLANK(C2), resumen!$D$4, C2) -> 408495 | M2: =IF(ISBLANK(I2), resumen!$E$4, I2) -> 42
A3: 2 | B3: HOMBRE | C3: 3315014 | D3: PENSIONADOS EN SU PROPIO SISTEMA | E3: SECTOR PUBLICO | F3: SI | G3: NO | H3: NO | I3: 77 | J3: =IFERROR(IF(ABS((C3-resumen!$D$3)/resumen!$D$5) > 1.96, "SI", "NO"), _xleta.NOT) -> SI | K3: =IFERROR(IF(ABS((I3-resumen!$E$3)/resumen!$E$5) > 1.96, "SI", "NO"), _xleta.NOT) -> SI | L3: =IF(ISBLANK(C3), resumen!$D$4, C3) -> 3315014 | M3: =IF(ISBLANK(I3), resumen!$E$4, I3) -> 77
A4: 3 | B4: MUJER | C4: 270486.01 | D4: ASALARIADO | E4: SECTOR PRIVADO | F4: SI | G4: NO | H4: NO | I4: 45 | J4: =IFERROR(IF(ABS((C4-resumen!$D$3)/resumen!$D$5) > 1.96, "SI", "NO"), _xleta.NOT) -> NO | K4: =IFERROR(IF(ABS((I4-resumen!$E$3)/resumen!$E$5) > 1.96, "SI", "NO"), _xleta.NOT) -> NO | L4: =IF(ISBLANK(C4), resumen!$D$4, C4) -> 270486.01 | M4: =IF(ISBLANK(I4), resumen!$E$4, I4) -> 45
A5: 4 | B5: MUJER | C5: 544949.83 | D5: ASALARIADO | E5: SECTOR PRIVADO | F5: SI | G5: NO | H5: NO | I5: 49 | J5: =IFERROR(IF(ABS((C5-resumen!$D$3)/resumen!$D$5) > 1.96, "SI", "NO"), _xleta.NOT) -> NO | K5: =IFERROR(IF(ABS((I5-resumen!$E$3)/resumen!$E$5) > 1.96, "SI", "NO"), _xleta.NOT) -> NO | L5: =IF(ISBLANK(C5), resumen!$D$4, C5) -> 544949.83 | M5: =IF(ISBLANK(I5), resumen!$E$4, I5) -> 49
A6: 5 | B6: MUJER | C6: 210000 | D6: ASALARIADO | E6: SECTOR PRIVADO | F6: SI | G6: NO | H6: NO | I6: 42 | J6: =IFERROR(IF(ABS((C6-resumen!$D$3)/resumen!$D$5) > 1.96, "SI", "NO"), _xleta.NOT) -> NO | K6: =IFERROR(IF(ABS((I6-resumen!$E$3)/resumen!$E$5) > 1.96, "SI", "NO"), _xleta.NOT) -> NO | L6: =IF(ISBLANK(C6), resumen!$D$4, C6) -> 210000 | M6: =IF(ISBLANK(I6), resumen!$E$4, I6) -> 42
A7: 6 | B7: HOMBRE | C7: 397150 | D7: ASALARIADO | E7: SECTOR PRIVADO | F7: SI | G7: NO | H7: NO | I7: 44 | J7: =IFERROR(IF(ABS((C7-resumen!$D$3)/resumen!$D$5) > 1.96, "SI", "NO"), _xleta.NOT) -> NO | K7: =IFERROR(IF(ABS((I7-resumen!$E$3)/resumen!$E$5) > 1.96, "SI", "NO"), _xleta.NOT) -> NO | L7: =IF(ISBLANK(C7), resumen!$D$4, C7) -> 397150 | M7: =IF(ISBLANK(I7), resumen!$E$4, I7) -> 44
A8: 7 | B8: HOMBRE | C8: 854712 | D8: ASALARIADO | E8: SECTOR PRIVADO | F8: SI | G8: NO | H8: NO | I8: 38 | J8: =IFERROR(IF(ABS((C8-resumen!$D$3)/resumen!$D$5) > 1.96, "SI", "NO"), _xleta.NOT) -> NO | K8: =IFERROR(IF(ABS((I8-resumen!$E$3)/resumen!$E$5) > 1.96, "SI", "NO"), _xleta.NOT) -> NO | L8: =IF(ISBLANK(C8), resumen!$D$4, C8) -> 854712 | M8: =IF(ISBLANK(I8), resumen!$E$4, I8) -> 38
A9: 8 | B9: HOMBRE | C9: 401000 | D9: ASALARIADO | E9: SECTOR PRIVADO | F9: SI | G9: SI | H9: SI | I9: 36 | J9: =IFERROR(IF(ABS((C9-resumen!$D$3)/resumen!$D$5) > 1.96, "SI", "NO"), _xleta.NOT) -> NO | K9: =IFERROR(IF(ABS((I9-resumen!$E$3)/resumen!$E$5) > 1.96, "SI", "NO"), _xleta.NOT) -> NO | L9: =IF(ISBLANK(C9), resumen!$D$4, C9) -> 401000 | M9: =IF(ISBLANK(I9), resumen!$E$4, I9) -> 36
A10: 9 | B10: MUJER | C10: 264703.96 | D10: ASALARIADO | E10: SECTOR PRIVADO | F10: SI | G10: NO | H10: NO | I10: 21 | J10: =IFERROR(IF(ABS((C10-resumen!$D$3)/resumen!$D$5) > 1.96, "SI", "NO"), _xleta.NOT) -> NO | K10: =IFERROR(IF(ABS((I10-resumen!$E$3)/resumen!$E$5) > 1.96, "SI", "NO"), _xleta.NOT) -> NO | L10: =IF(ISBLANK(C10), resumen!$D$4, C10) -> 264703.96 | M10: =IF(ISBLANK(I10), resumen!$E$4, I10) -> 21
A11: 10 | B11: HOMBRE | C11: 4677126.8 | D11: ASALARIADO | E11: SECTOR PRIVADO | F11: SI | G11: NO | H11: NO | I11: 40 | J11: =IFERROR(IF(ABS((C11-resumen!$D$3)/resumen!$D$5) > 1.96, "SI", "NO"), _xleta.NOT) -> SI | K11: =IFERROR(IF(ABS((I11-resumen!$E$3)/resumen!$E$5) > 1.96, "SI", "NO"), _xleta.NOT) -> NO | L11: =IF(ISBLANK(C11), resumen!$D$4, C11) -> 4677126.8 | M11: =IF(ISBLANK(I11), resumen!$E$4, I11) -> 40
A12: 11 | B12: MUJER | C12: 1200000 | D12: ASALARIADO | E12: SECTOR PRIVADO | F12: SI | G12: NO | H12: NO | I12: 30 | J12: =IFERROR(IF(ABS((C12-resumen!$D$3)/resumen!$D$5) > 1.96, "SI", "NO"), _xleta.NOT) -> NO | K12: =IFERROR(IF(ABS((I12-resumen!$E$3)/resumen!$E$5) > 1.96, "SI", "NO"), _xleta.NOT) -> NO | L12: =IF(ISBLANK(C12), resumen!$D$4, C12) -> 1200000 | M12: =IF(ISBLANK(I12), resumen!$E$4, I12) -> 30
A13: 12 | B13: MUJER | C13: 1030132 | D13: ASALARIADO | E13: SECTOR PUBLICO | F13: SI | G13: NO | H13: SI | I13: 58 | J13: =IFERROR(IF(ABS((C13-resumen!$D$3)/resumen!$D$5) > 1.96, "SI", "NO"), _xleta.NOT) -> NO | K13: =IFERROR(IF(ABS((I13-resumen!$E$3)/resumen!$E$5) > 1.96, "SI", "NO"), _xleta.NOT) -> NO | L13: =IF(ISBLANK(C13), resumen!$D$4, C13) -> 1030132 | M13: =IF(ISBLANK(I13), resumen!$E$4, I13) -> 58
A14: 13 | B14: HOMBRE | C14: 731287.5 | D14: ASALARIADO | E14: SECTOR PUBLICO | F14: SI | G14: NO | H14: NO | I14: 40 | J14: =IFERROR(IF(ABS((C14-resumen!$D$3)/resumen!$D$5) > 1.96, "SI", "NO"), _xleta.NOT) -> NO | K14: =IFERROR(IF(ABS((I14-resumen!$E$3)/resumen!$E$5) > 1.96, "SI", "NO"), _xleta.NOT) -> NO | L14: =IF(ISBLANK(C14), resumen!$D$4, C14) -> 731287.5 | M14: =IF(ISBLANK(I14), resumen!$E$4, I14) -> 40
... A21: 20 | B21: MUJER | C21: 309820 | D21: ASEGURADO VOLUNTARIO | E21: SECTOR PRIVADO | F21: SI | G21: SI | H21: SI | I21: 52 | J21: =IFERROR(IF(ABS((C21-resumen!$D$3)/resumen!$D$5) > 1.96, "SI", "NO"), _xleta.NOT) -> NO | K21: =IFERROR(IF(ABS((I21-resumen!$E$3)/resumen!$E$5) > 1.96, "SI", "NO"), _xleta.NOT) -> NO | L21: =IF(ISBLANK(C21), resumen!$D$4, C21) -> 309820 | M21: =IF(ISBLANK(I21), resumen!$E$4, I21) -> 52
A22: 21 | B22: MUJER | D22: ASALARIADO | E22: SECTOR PRIVADO | F22: SI | G22: SI | H22: NO | I22: 28 | J22: =IFERROR(IF(ABS((C22-resumen!$D$3)/resumen!$D$5) > 1.96, "SI", "NO"), _xleta.NOT) -> NO | K22: =IFERROR(IF(ABS((I22-resumen!$E$3)/resumen!$E$5) > 1.96, "SI", "NO"), _xleta.NOT) -> NO | L22: =IF(ISBLANK(C22), resumen!$D$4, C22) -> 408495 | M22: =IF(ISBLANK(I22), resumen!$E$4, I22) -> 28
A23: 22 | B23: HOMBRE | C23: 278030 | D23: CONVENIOS ESPECIALES DE TRABAJADORES INDEPENDIENTES | E23: SECTOR PRIVADO | F23: SI | G23: NO | H23: NO | I23: 59 | J23: =IFERROR(IF(ABS((C23-resumen!$D$3)/resumen!$D$5) > 1.96, "SI", "NO"), _xleta.NOT) -> NO | K23: =IFERROR(IF(ABS((I23-resumen!$E$3)/resumen!$E$5) > 1.96, "SI", "NO"), _xleta.NOT) -> NO | L23: =IF(ISBLANK(C23), resumen!$D$4, C23) -> 278030 | M23: =IF(ISBLANK(I23), resumen!$E$4, I23) -> 59
A24: 23 | B24: HOMBRE | C24: 2124814 | D24: ASALARIADO | E24: SECTOR PRIVADO | F24: SI | G24: NO | H24: NO | I24: 32 | J24: =IFERROR(IF(ABS((C24-resumen!$D$3)/resumen!$D$5) > 1.96, "SI", "NO"), _xleta.NOT) -> NO | K24: =IFERROR(IF(ABS((I24-resumen!$E$3)/resumen!$E$5) > 1.96, "SI", "NO"), _xleta.NOT) -> NO | L24: =IF(ISBLANK(C24), resumen!$D$4, C24) -> 2124814 | M24: =IF(ISBLANK(I24), resumen!$E$4, I24) -> 32
A25: 24 | B25: HOMBRE | C25: 191744.68 | D25: ASALARIADO | E25: SECTOR PRIVADO | F25: SI | G25: NO | H25: NO | I25: 18 | J25: =IFERROR(IF(ABS((C25-resumen!$D$3)/resumen!$D$5) > 1.96, "SI", "NO"), _xleta.NOT) -> NO | K25: =IFERROR(IF(ABS((I25-resumen!$E$3)/resumen!$E$5) > 1.96, "SI", "NO"), _xleta.NOT) -> NO | L25: =IF(ISBLANK(C25), resumen!$D$4, C25) -> 191744.68 | M25: =IF(ISBLANK(I25), resumen!$E$4, I25) -> 18
A26: 25 | B26: MUJER | C26: 1117489 | D26: ASALARIADO | E26: SECTOR PUBLICO | F26: SI | G26: NO | H26: SI | I26: 36 | J26: =IFERROR(IF(ABS((C26-resumen!$D$3)/resumen!$D$5) > 1.96, "SI", "NO"), _xleta.NOT) -> NO | K26: =IFERROR(IF(ABS((I26-resumen!$E$3)/resumen!$E$5) > 1.96, "SI", "NO"), _xleta.NOT) -> NO | L26: =IF(ISBLANK(C26), resumen!$D$4, C26) -> 1117489 | M26: =IF(ISBLANK(I26), resumen!$E$4, I26) -> 36
A27: 26 | B27: HOMBRE | C27: 1451530 | D27: PENSIONADOS EN SU PROPIO SISTEMA | E27: SECTOR PUBLICO | F27: SI | G27: NO | H27: NO | I27: 62 | J27: =IFERROR(IF(ABS((C27-resumen!$D$3)/resumen!$D$5) > 1.96, "SI", "NO"), _xleta.NOT) -> NO | K27: =IFERROR(IF(ABS((I27-resumen!$E$3)/resumen!$E$5) > 1.96, "SI", "NO"), _xleta.NOT) -> NO | L27: =IF(ISBLANK(C27), resumen!$D$4, C27) -> 1451530 | M27: =IF(ISBLANK(I27), resumen!$E$4, I27) -> 62
A28: 27 | B28: HOMBRE | C28: 66700 | D28: ASALARIADO | E28: SECTOR PRIVADO | F28: SI | G28: NO | H28: NO | I28: 38 | J28: =IFERROR(IF(ABS((C28-resumen!$D$3)/resumen!$D$5) > 1.96, "SI", "NO"), _xleta.NOT) -> NO | K28: =IFERROR(IF(ABS((I28-resumen!$E$3)/resumen!$E$5) > 1.96, "SI", "NO"), _xleta.NOT) -> NO | L28: =IF(ISBLANK(C28), resumen!$D$4, C28) -> 66700 | M28: =IF(ISBLANK(I28), resumen!$E$4, I28) -> 38
A29: 28 | B29: MUJER | C29: 73410 | D29: ASALARIADO | E29: SECTOR PRIVADO | F29: SI | G29: SI | H29: NO | I29: 22 | J29: =IFERROR(IF(ABS((C29-resumen!$D$3)/resumen!$D$5) > 1.96, "SI", "NO"), _xleta.NOT) -> NO | K29: =IFERROR(IF(ABS((I29-resumen!$E$3)/resumen!$E$5) > 1.96, "SI", "NO"), _xleta.NOT) -> NO | L29: =IF(ISBLANK(C29), resumen!$D$4, C29) -> 73410 | M29: =IF(ISBLANK(I29), resumen!$E$4, I29) -> 22
A30: 29 | B30: HOMBRE | C30: 815355.66 | D30: ASALARIADO | E30: SECTOR PUBLICO | F30: SI | G30: NO | H30: NO | I30: 42 | J30: =IFERROR(IF(ABS((C30-resumen!$D$3)/resumen!$D$5) > 1.96, "SI", "NO"), _xleta.NOT) -> NO | K30: =IFERROR(IF(ABS((I30-resumen!$E$3)/resumen!$E$5) > 1.96, "SI", "NO"), _xleta.NOT) -> NO | L30: =IF(ISBLANK(C30), resumen!$D$4, C30) -> 815355.66 | M30: =IF(ISBLANK(I30), resumen!$E$4, I30) -> 42
A31: 30 | B31: HOMBRE | C31: 398125 | D31: ASALARIADO | E31: SECTOR PRIVADO | F31: SI | G31: NO | H31: NO | I31: 38 | J31: =IFERROR(IF(ABS((C31-resumen!$D$3)/resumen!$D$5) > 1.96, "SI", "NO"), _xleta.NOT) -> NO | K31: =IFERROR(IF(ABS((I31-resumen!$E$3)/resumen!$E$5) > 1.96, "SI", "NO"), _xleta.NOT) -> NO | L31: =IF(ISBLANK(C31), resumen!$D$4, C31) -> 398125 | M31: =IF(ISBLANK(I31), resumen!$E$4, I31) -> 38
A32: 31 | B32: HOMBRE | C32: 606763.96 | D32: ASALARIADO | E32: SECTOR PRIVADO | F32: SI | G32: NO | H32: NO | I32: 39 | J32: =IFERROR(IF(ABS((C32-resumen!$D$3)/resumen!$D$5) > 1.96, "SI", "NO"), _xleta.NOT) -> NO | K32: =IFERROR(IF(ABS((I32-resumen!$E$3)/resumen!$E$5) > 1.96, "SI", "NO"), _xleta.NOT) -> NO | L32: =IF(ISBLANK(C32), resumen!$D$4, C32) -> 606763.96 | M32: =IF(ISBLANK(I32), resumen!$E$4, I32) -> 39
A33: 32 | B33: HOMBRE | C33: 360420 | D33: TRABAJADOR INDEPENDIENTE | E33: SECTOR PRIVADO | F33: SI | G33: NO | H33: SI | I33: 53 | J33: =IFERROR(IF(ABS((C33-resumen!$D$3)/resumen!$D$5) > 1.96, "SI", "NO"), _xleta.NOT) -> NO | K33: =IFERROR(IF(ABS((I33-resumen!$E$3)/resumen!$E$5) > 1.96, "SI", "NO"), _xleta.NOT) -> NO | L33: =IF(ISBLANK(C33), resumen!$D$4, C33) -> 360420 | M33: =IF(ISBLANK(I33), resumen!$E$4, I33) -> 53
A34: 33 | B34: MUJER | C34: 297046 | D34: ASALARIADO | E34: SECTOR PRIVADO | F34: SI | G34: SI | H34: NO | I34: 41 | J34: =IFERROR(IF(ABS((C34-resumen!$D$3)/resumen!$D$5) > 1.96, "SI", "NO"), _xleta.NOT) -> NO | K34: =IFERROR(IF(ABS((I34-resumen!$E$3)/resumen!$E$5) > 1.96, "SI", "NO"), _xleta.NOT) -> NO | L34: =IF(ISBLANK(C34), resumen!$D$4, C34) -> 297046 | M34: =IF(ISBLANK(I34), resumen!$E$4, I34) -> 41
... A36: 35 | B36: HOMBRE | C36: 68309.03 | D36: ASALARIADO | E36: SECTOR PRIVADO | F36: SI | G36: NO | H36: NO | I36: 43 | J36: =IFERROR(IF(ABS((C36-resumen!$D$3)/resumen!$D$5) > 1.96, "SI", "NO"), _xleta.NOT) -> NO | K36: =IFERROR(IF(ABS((I36-resumen!$E$3)/resumen!$E$5) > 1.96, "SI", "NO"), _xleta.NOT) -> NO | L36: =IF(ISBLANK(C36), resumen!$D$4, C36) -> 68309.03 | M36: =IF(ISBLANK(I36), resumen!$E$4, I36) -> 43
A37: 36 | B37: HOMBRE | D37: ASALARIADO | E37: SECTOR PUBLICO | F37: SI | G37: NO | H37: NO | I37: 62 | J37: =IFERROR(IF(ABS((C37-resumen!$D$3)/resumen!$D$5) > 1.96, "SI", "NO"), _xleta.NOT) -> NO | K37: =IFERROR(IF(ABS((I37-resumen!$E$3)/resumen!$E$5) > 1.96, "SI", "NO"), _xleta.NOT) -> NO | L37: =IF(ISBLANK(C37), resumen!$D$4, C37) -> 408495 | M37: =IF(ISBLANK(I37), resumen!$E$4, I37) -> 62
A38: 37 | B38: HOMBRE | C38: 1552307.5 | D38: ASALARIADO | E38: SECTOR PRIVADO | F38: SI | G38: SI | H38: NO | I38: 41 | J38: =IFERROR(IF(ABS((C38-resumen!$D$3)/resumen!$D$5) > 1.96, "SI", "NO"), _xleta.NOT) -> NO | K38: =IFERROR(IF(ABS((I38-resumen!$E$3)/resumen!$E$5) > 1.96, "SI", "NO"), _xleta.NOT) -> NO | L38: =IF(ISBLANK(C38), resumen!$D$4, C38) -> 1552307.5 | M38: =IF(ISBLANK(I38), resumen!$E$4, I38) -> 41
A39: 38 | B39: HOMBRE | C39: 1531575 | D39: ASEGURADO VOLUNTARIO | E39: SECTOR PRIVADO | F39: SI | G39: SI | H39: NO | I39: 66 | J39: =IFERROR(IF(ABS((C39-resumen!$D$3)/resumen!$D$5) > 1.96, "SI", "NO"), _xleta.NOT) -> NO | K39: =IFERROR(IF(ABS((I39-resumen!$E$3)/resumen!$E$5) > 1.96, "SI", "NO"), _xleta.NOT) -> NO | L39: =IF(ISBLANK(C39), resumen!$D$4, C39) -> 1531575 | M39: =IF(ISBLANK(I39), resumen!$E$4, I39) -> 66
A40: 39 | B40: HOMBRE | C40: 3220569.1 | D40: ASALARIADO | E40: SECTOR PRIVADO | F40: SI | G40: NO | H40: NO | I40: 48 | J40: =IFERROR(IF(ABS((C40-resumen!$D$3)/resumen!$D$5) > 1.96, "SI", "NO"), _xleta.NOT) -> SI | K40: =IFERROR(IF(ABS((I40-resumen!$E$3)/resumen!$E$5) > 1.96, "SI", "NO"), _xleta.NOT) -> NO | L40: =IF(ISBLANK(C40), resumen!$D$4, C40) -> 3220569.1 | M40: =IF(ISBLANK(I40), resumen!$E$4, I40) -> 48
A41: 40 | B41: HOMBRE | C41: 658917 | D41: ASALARIADO | E41: SECTOR PUBLICO | F41: SI | G41: NO | H41: SI | I41: 56 | J41: =IFERROR(IF(ABS((C41-resumen!$D$3)/resumen!$D$5) > 1.96, "SI", "NO"), _xleta.NOT) -> NO | K41: =IFERROR(IF(ABS((I41-resumen!$E$3)/resumen!$E$5) > 1.96, "SI", "NO"), _xleta.NOT) -> NO | L41: =IF(ISBLANK(C41), resumen!$D$4, C41) -> 658917 | M41: =IF(ISBLANK(I41), resumen!$E$4, I41) -> 56
A42: 41 | B42: HOMBRE | C42: 631707.6 | D42: ASALARIADO | E42: SECTOR PRIVADO | F42: SI | G42: NO | H42: NO | I42: 25 | J42: =IFERROR(IF(ABS((C42-resumen!$D$3)/resumen!$D$5) > 1.96, "SI", "NO"), _xleta.NOT) -> NO | K42: =IFERROR(IF(ABS((I42-resumen!$E$3)/resumen!$E$5) > 1.96, "SI", "NO"), _xleta.NOT) -> NO | L42: =IF(ISBLANK(C42), resumen!$D$4, C42) -> 631707.6 | M42: =IF(ISBLANK(I42), resumen!$E$4, I42) -> 25
A43: 42 | B43: MUJER | C43: 977376 | D43: ASALARIADO | E43: SECTOR PRIVADO | F43: SI | G43: NO | H43: NO | I43: 33 | J43: =IFERROR(IF(ABS((C43-resumen!$D$3)/resumen!$D$5) > 1.96, "SI", "NO"), _xleta.NOT) -> NO | K43: =IFERROR(IF(ABS((I43-resumen!$E$3)/resumen!$E$5) > 1.96, "SI", "NO"), _xleta.NOT) -> NO | L43: =IF(ISBLANK(C43), resumen!$D$4, C43) -> 977376 | M43: =IF(ISBLANK(I43), resumen!$E$4, I43) -> 33
A44: 43 | B44: MUJER | C44: 278030 | D44: CONVENIOS ESPECIALES DE TRABAJADORES INDEPENDIENTES | E44: SECTOR PRIVADO | F44: SI | G44: SI | H44: NO | I44: 23 | J44: =IFERROR(IF(ABS((C44-resumen!$D$3)/resumen!$D$5) > 1.96, "SI", "NO"), _xleta.NOT) -> NO | K44: =IFERROR(IF(ABS((I44-resumen!$E$3)/resumen!$E$5) > 1.96, "SI", "NO"), _xleta.NOT) -> NO | L44: =IF(ISBLANK(C44), resumen!$D$4, C44) -> 278030 | M44: =IF(ISBLANK(I44), resumen!$E$4, I44) -> 23
A45: 44 | B45: HOMBRE | C45: 633750 | D45: ASALARIADO | E45: SECTOR PRIVADO | F45: SI | G45: NO | H45: NO | I45: 43 | J45: =IFERROR(IF(ABS((C45-resumen!$D$3)/resumen!$D$5) > 1.96, "SI", "NO"), _xleta.NOT) -> NO | K45: =IFERROR(IF(ABS((I45-resumen!$E$3)/resumen!$E$5) > 1.96, "SI", "NO"), _xleta.NOT) -> NO | L45: =IF(ISBLANK(C45), resumen!$D$4, C45) -> 633750 | M45: =IF(ISBLANK(I45), resumen!$E$4, I45) -> 43
A46: 45 | B46: MUJER | C46: 376776 | D46: ASALARIADO | E46: SECTOR PRIVADO | F46: SI | G46: NO | H46: NO | I46: 27 | J46: =IFERROR(IF(ABS((C46-resumen!$D$3)/resumen!$D$5) > 1.96, "SI", "NO"), _xleta.NOT) -> NO | K46: =IFERROR(IF(ABS((I46-resumen!$E$3)/resumen!$E$5) > 1.96, "SI", "NO"), _xleta.NOT) -> NO | L46: =IF(ISBLANK(C46), resumen!$D$4, C46) -> 376776 | M46: =IF(ISBLANK(I46), resumen!$E$4, I46) -> 27
A47: 46 | B47: MUJER | C47: 1878386.2 | D47: ASALARIADO | E47: SECTOR PRIVADO | F47: SI | G47: NO | H47: NO | I47: 28 | J47: =IFERROR(IF(ABS((C47-resumen!$D$3)/resumen!$D$5) > 1.96, "SI", "NO"), _xleta.NOT) -> NO | K47: =IFERROR(IF(ABS((I47-resumen!$E$3)/resumen!$E$5) > 1.96, "SI", "NO"), _xleta.NOT) -> NO | L47: =IF(ISBLANK(C47), resumen!$D$4, C47) -> 1878386.2 | M47: =IF(ISBLANK(I47), resumen!$E$4, I47) -> 28
A48: 47 | B48: MUJER | C48: 2224883 | D48: ASALARIADO | E48: SECTOR PRIVADO | F48: SI | G48: NO | H48: NO | I48: 49 | J48: =IFERROR(IF(ABS((C48-resumen!$D$3)/resumen!$D$5) > 1.96, "SI", "NO"), _xleta.NOT) -> NO | K48: =IFERROR(IF(ABS((I48-resumen!$E$3)/resumen!$E$5) > 1.96, "SI", "NO"), _xleta.NOT) -> NO | L48: =IF(ISBLANK(C48), resumen!$D$4, C48) -> 2224883 | M48: =IF(ISBLANK(I48), resumen!$E$4, I48) -> 49
A49: 48 | B49: MUJER | C49: 349000 | D49: ASALARIADO | E49: SECTOR PRIVADO | F49: SI | G49: NO | H49: NO | I49: 36 | J49: =IFERROR(IF(ABS((C49-resumen!$D$3)/resumen!$D$5) > 1.96, "SI", "NO"), _xleta.NOT) -> NO | K49: =IFERROR(IF(ABS((I49-resumen!$E$3)/resumen!$E$5) > 1.96, "SI", "NO"), _xleta.NOT) -> NO | L49: =IF(ISBLANK(C49), resumen!$D$4, C49) -> 349000 | M49: =IF(ISBLANK(I49), resumen!$E$4, I49) -> 36
A50: 49 | B50: HOMBRE | C50: 675069.69 | D50: ASALARIADO | E50: SECTOR PRIVADO | F50: SI | G50: NO | H50: NO | I50: 39 | J50: =IFERROR(IF(ABS((C50-resumen!$D$3)/resumen!$D$5) > 1.96, "SI", "NO"), _xleta.NOT) -> NO | K50: =IFERROR(IF(ABS((I50-resumen!$E$3)/resumen!$E$5) > 1.96, "SI", "NO"), _xleta.NOT) -> NO | L50: =IF(ISBLANK(C50), resumen!$D$4, C50) -> 675069.69 | M50: =IF(ISBLANK(I50), resumen!$E$4, I50) -> 39
A51: 50 | B51: HOMBRE | C51: 443282 | D51: ASALARIADO | E51: SECTOR PRIVADO | F51: SI | G51: SI | H51: NO | J51: =IFERROR(IF(ABS((C51-resumen!$D$3)/resumen!$D$5) > 1.96, "SI", "NO"), _xleta.NOT) -> NO | K51: =IFERROR(IF(ABS((I51-resumen!$E$3)/resumen!$E$5) > 1.96, "SI", "NO"), _xleta.NOT) -> SI | L51: =IF(ISBLANK(C51), resumen!$D$4, C51) -> 443282 | M51: =IF(ISBLANK(I51), resumen!$E$4, I51) -> 40
A52: 51 | B52: HOMBRE | C52: 297044.99 | D52: TRABAJADOR INDEPENDIENTE | E52: SECTOR PRIVADO | F52: SI | G52: NO | H52: NO | I52: 66 | J52: =IFERROR(IF(ABS((C52-resumen!$D$3)/resumen!$D$5) > 1.96, "SI", "NO"), _xleta.NOT) -> NO | K52: =IFERROR(IF(ABS((I52-resumen!$E$3)/resumen!$E$5) > 1.96, "SI", "NO"), _xleta.NOT) -> NO | L52: =IF(ISBLANK(C52), resumen!$D$4, C52) -> 297044.99 | M52: =IF(ISBLANK(I52), resumen!$E$4, I52) -> 66
A53: 52 | B53: HOMBRE | C53: 1505458.9 | D53: ASALARIADO | E53: SECTOR PUBLICO | F53: SI | G53: NO | H53: NO | J53: =IFERROR(IF(ABS((C53-resumen!$D$3)/resumen!$D$5) > 1.96, "SI", "NO"), _xleta.NOT) -> NO | K53: =IFERROR(IF(ABS((I53-resumen!$E$3)/resumen!$E$5) > 1.96, "SI", "NO"), _xleta.NOT) -> SI | L53: =IF(ISBLANK(C53), resumen!$D$4, C53) -> 1505458.9 | M53: =IF(ISBLANK(I53), resumen!$E$4, I53) -> 40
A54: 53 | B54: MUJER | C54: 743436 | D54: ASALARIADO | E54: SECTOR PRIVADO | F54: SI | G54: NO | H54: NO | I54: 28 | J54: =IFERROR(IF(ABS((C54-resumen!$D$3)/resumen!$D$5) > 1.96, "SI", "NO"), _xleta.NOT) -> NO | K54: =IFERROR(IF(ABS((I54-resumen!$E$3)/resumen!$E$5) > 1.96, "SI", "NO"), _xleta.NOT) -> NO | L54: =IF(ISBLANK(C54), resumen!$D$4, C54) -> 743436 | M54: =IF(ISBLANK(I54), resumen!$E$4, I54) -> 28
A55: 54 | B55: HOMBRE | C55: 379422 | D55: TRABAJADOR INDEPENDIENTE | E55: SECTOR PRIVADO | F55: SI | G55: NO | H55: NO | I55: 43 | J55: =IFERROR(IF(ABS((C55-resumen!$D$3)/resumen!$D$5) > 1.96, "SI", "NO"), _xleta.NOT) -> NO | K55: =IFERROR(IF(ABS((I55-resumen!$E$3)/resumen!$E$5) > 1.96, "SI", "NO"), _xleta.NOT) -> NO | L55: =IF(ISBLANK(C55), resumen!$D$4, C55) -> 379422 | M55: =IF(ISBLANK(I55), resumen!$E$4, I55) -> 43
A56: 55 | B56: HOMBRE | C56: 300000 | D56: ASEGURADO VOLUNTARIO | E56: SECTOR PRIVADO | F56: SI | G56: NO | H56: NO | I56: 44 | J56: =IFERROR(IF(ABS((C56-resumen!$D$3)/resumen!$D$5) > 1.96, "SI", "NO"), _xleta.NOT) -> NO | K56: =IFERROR(IF(ABS((I56-resumen!$E$3)/resumen!$E$5) > 1.96, "SI", "NO"), _xleta.NOT) -> NO | L56: =IF(ISBLANK(C56), resumen!$D$4, C56) -> 300000 | M56: =IF(ISBLANK(I56), resumen!$E$4, I56) -> 44
A57: 56 | B57: MUJER | C57: 159787.22 | D57: ASALARIADO | E57: SECTOR PRIVADO | F57: SI | G57: SI | H57: NO | I57: 44 | J57: =IFERROR(IF(ABS((C57-resumen!$D$3)/resumen!$D$5) > 1.96, "SI", "NO"), _xleta.NOT) -> NO | K57: =IFERROR(IF(ABS((I57-resumen!$E$3)/resumen!$E$5) > 1.96, "SI", "NO"), _xleta.NOT) -> NO | L57: =IF(ISBLANK(C57), resumen!$D$4, C57) -> 159787.22 | M57: =IF(ISBLANK(I57), resumen!$E$4, I57) -> 44
A58: 57 | B58: MUJER | C58: 267741.04 | D58: ASALARIADO | E58: SECTOR PRIVADO | F58: SI | G58: NO | H58: NO | I58: 32 | J58: =IFERROR(IF(ABS((C58-resumen!$D$3)/resumen!$D$5) > 1.96, "SI", "NO"), _xleta.NOT) -> NO | K58: =IFERROR(IF(ABS((I58-resumen!$E$3)/resumen!$E$5) > 1.96, "SI", "NO"), _xleta.NOT) -> NO | L58: =IF(ISBLANK(C58), resumen!$D$4, C58) -> 267741.04 | M58: =IF(ISBLANK(I58), resumen!$E$4, I58) -> 32
A59: 58 | B59: MUJER | C59: 376777 | D59: ASALARIADO | E59: SECTOR PRIVADO | F59: SI | G59: NO | H59: NO | I59: 43 | J59: =IFERROR(IF(ABS((C59-resumen!$D$3)/resumen!$D$5) > 1.96, "SI", "NO"), _xleta.NOT) -> NO | K59: =IFERROR(IF(ABS((I59-resumen!$E$3)/resumen!$E$5) > 1.96, "SI", "NO"), _xleta.NOT) -> NO | L59: =IF(ISBLANK(C59), resumen!$D$4, C59) -> 376777 | M59: =IF(ISBLANK(I59), resumen!$E$4, I59) -> 43
A60: 59 | B60: HOMBRE | C60: 386161 | D60: TRABAJADOR INDEPENDIENTE | E60: SECTOR PRIVADO | F60: SI | G60: NO | H60: SI | I60: 45 | J60: =IFERROR(IF(ABS((C60-resumen!$D$3)/resumen!$D$5) > 1.96, "SI", "NO"), _xleta.NOT) -> NO | K60: =IFERROR(IF(ABS((I60-resumen!$E$3)/resumen!$E$5) > 1.96, "SI", "NO"), _xleta.NOT) -> NO | L60: =IF(ISBLANK(C60), resumen!$D$4, C60) -> 386161 | M60: =IF(ISBLANK(I60), resumen!$E$4, I60) -> 45
A61: 60 | B61: HOMBRE | C61: 278030 | D61: CONVENIOS ESPECIALES DE TRABAJADORES INDEPENDIENTES | E61: SECTOR PRIVADO | F61: SI | G61: NO | H61: NO | I61: 22 | J61: =IFERROR(IF(ABS((C61-resumen!$D$3)/resumen!$D$5) > 1.96, "SI", "NO"), _xleta.NOT) -> NO | K61: =IFERROR(IF(ABS((I61-resumen!$E$3)/resumen!$E$5) > 1.96, "SI", "NO"), _xleta.NOT) -> NO | L61: =IF(ISBLANK(C61), resumen!$D$4, C61) -> 278030 | M61: =IF(ISBLANK(I61), resumen!$E$4, I61) -> 22
A62: 61 | B62: HOMBRE | C62: 1594012.7 | D62: ASALARIADO | E62: SECTOR PRIVADO | F62: SI | G62: NO | H62: NO | I62: 32 | J62: =IFERROR(IF(ABS((C62-resumen!$D$3)/resumen!$D$5) > 1.96, "SI", "NO"), _xleta.NOT) -> NO | K62: =IFERROR(IF(ABS((I62-resumen!$E$3)/resumen!$E$5) > 1.96, "SI", "NO"), _xleta.NOT) -> NO | L62: =IF(ISBLANK(C62), resumen!$D$4, C62) -> 1594012.7 | M62: =IF(ISBLANK(I62), resumen!$E$4, I62) -> 32
A63: 62 | B63: HOMBRE | C63: 1401725 | D63: PENSIONADOS EN SU PROPIO SISTEMA | E63: SECTOR PUBLICO | F63: SI | G63: NO | H63: NO | I63: 85 | J63: =IFERROR(IF(ABS((C63-resumen!$D$3)/resumen!$D$5) > 1.96, "SI", "NO"), _xleta.NOT) -> NO | K63: =IFERROR(IF(ABS((I63-resumen!$E$3)/resumen!$E$5) > 1.96, "SI", "NO"), _xleta.NOT) -> SI | L63: =IF(ISBLANK(C63), resumen!$D$4, C63) -> 1401725 | M63: =IF(ISBLANK(I63), resumen!$E$4, I63) -> 85
A64: 63 | B64: HOMBRE | C64: 366358.49 | D64: ASALARIADO | E64: SECTOR PRIVADO | F64: SI | G64: NO | H64: NO | I64: 51 | J64: =IFERROR(IF(ABS((C64-resumen!$D$3)/resumen!$D$5) > 1.96, "SI", "NO"), _xleta.NOT) -> NO | K64: =IFERROR(IF(ABS((I64-resumen!$E$3)/resumen!$E$5) > 1.96, "SI", "NO"), _xleta.NOT) -> NO | L64: =IF(ISBLANK(C64), resumen!$D$4, C64) -> 366358.49 | M64: =IF(ISBLANK(I64), resumen!$E$4, I64) -> 51
A65: 64 | B65: MUJER | C65: 411794 | D65: TRABAJADOR INDEPENDIENTE | E65: SECTOR PRIVADO | F65: SI | G65: NO | H65: NO | I65: 53 | J65: =IFERROR(IF(ABS((C65-resumen!$D$3)/resumen!$D$5) > 1.96, "SI", "NO"), _xleta.NOT) -> NO | K65: =IFERROR(IF(ABS((I65-resumen!$E$3)/resumen!$E$5) > 1.96, "SI", "NO"), _xleta.NOT) -> NO | L65: =IF(ISBLANK(C65), resumen!$D$4, C65) -> 411794 | M65: =IF(ISBLANK(I65), resumen!$E$4, I65) -> 53
... A70: 69 | B70: HOMBRE | C70: 1866932.5 | D70: ASALARIADO | E70: SECTOR PUBLICO | F70: SI | G70: NO | H70: NO | I70: 57 | J70: =IFERROR(IF(ABS((C70-resumen!$D$3)/resumen!$D$5) > 1.96, "SI", "NO"), _xleta.NOT) -> NO | K70: =IFERROR(IF(ABS((I70-resumen!$E$3)/resumen!$E$5) > 1.96, "SI", "NO"), _xleta.NOT) -> NO | L70: =IF(ISBLANK(C70), resumen!$D$4, C70) -> 1866932.5 | M70: =IF(ISBLANK(I70), resumen!$E$4, I70) -> 57
A71: 70 | B71: HOMBRE | C71: 299647 | D71: ASEGURADO VOLUNTARIO | E71: SECTOR PRIVADO | F71: SI | G71: NO | H71: NO | J71: =IFERROR(IF(ABS((C71-resumen!$D$3)/resumen!$D$5) > 1.96, "SI", "NO"), _xleta.NOT) -> NO | K71: =IFERROR(IF(ABS((I71-resumen!$E$3)/resumen!$E$5) > 1.96, "SI", "NO"), _xleta.NOT) -> SI | L71: =IF(ISBLANK(C71), resumen!$D$4, C71) -> 299647 | M71: =IF(ISBLANK(I71), resumen!$E$4, I71) -> 40
A72: 71 | B72: MUJER | C72: 544163.5 | D72: ASALARIADO | E72: SECTOR PRIVADO | F72: SI | G72: NO | H72: NO | I72: 24 | J72: =IFERROR(IF(ABS((C72-resumen!$D$3)/resumen!$D$5) > 1.96, "SI", "NO"), _xleta.NOT) -> NO | K72: =IFERROR(IF(ABS((I72-resumen!$E$3)/resumen!$E$5) > 1.96, "SI", "NO"), _xleta.NOT) -> NO | L72: =IF(ISBLANK(C72), resumen!$D$4, C72) -> 544163.5 | M72: =IF(ISBLANK(I72), resumen!$E$4, I72) -> 24
A73: 72 | B73: MUJER | C73: 2128928 | E73: SECTOR PUBLICO | F73: SI | G73: NO | H73: SI | I73: 42 | J73: =IFERROR(IF(ABS((C73-resumen!$D$3)/resumen!$D$5) > 1.96, "SI", "NO"), _xleta.NOT) -> NO | K73: =IFERROR(IF(ABS((I73-resumen!$E$3)/resumen!$E$5) > 1.96, "SI", "NO"), _xleta.NOT) -> NO | L73: =IF(ISBLANK(C73), resumen!$D$4, C73) -> 2128928 | M73: =IF(ISBLANK(I73), resumen!$E$4, I73) -> 42
A74: 73 | B74: HOMBRE | C74: 278030 | D74: CONVENIOS ESPECIALES DE TRABAJADORES INDEPENDIENTES | E74: SECTOR PRIVADO | F74: SI | G74: NO | H74: NO | I74: 57 | J74: =IFERROR(IF(ABS((C74-resumen!$D$3)/resumen!$D$5) > 1.96, "SI", "NO"), _xleta.NOT) -> NO | K74: =IFERROR(IF(ABS((I74-resumen!$E$3)/resumen!$E$5) > 1.96, "SI", "NO"), _xleta.NOT) -> NO | L74: =IF(ISBLANK(C74), resumen!$D$4, C74) -> 278030 | M74: =IF(ISBLANK(I74), resumen!$E$4, I74) -> 57
A75: 74 | B75: MUJER | C75: 508972.8 | D75: ASALARIADO | E75: SECTOR PUBLICO | F75: SI | G75: NO | H75: NO | I75: 46 | J75: =IFERROR(IF(ABS((C75-resumen!$D$3)/resumen!$D$5) > 1.96, "SI", "NO"), _xleta.NOT) -> NO | K75: =IFERROR(IF(ABS((I75-resumen!$E$3)/resumen!$E$5) > 1.96, "SI", "NO"), _xleta.NOT) -> NO | L75: =IF(ISBLANK(C75), resumen!$D$4, C75) -> 508972.8 | M75: =IF(ISBLANK(I75), resumen!$E$4, I75) -> 46
A76: 75 | B76: HOMBRE | C76: 476424.06 | D76: ASALARIADO | E76: SECTOR PRIVADO | F76: SI | G76: NO | H76: NO | I76: 24 | J76: =IFERROR(IF(ABS((C76-resumen!$D$3)/resumen!$D$5) > 1.96, "SI", "NO"), _xleta.NOT) -> NO | K76: =IFERROR(IF(ABS((I76-resumen!$E$3)/resumen!$E$5) > 1.96, "SI", "NO"), _xleta.NOT) -> NO | L76: =IF(ISBLANK(C76), resumen!$D$4, C76) -> 476424.06 | M76: =IF(ISBLANK(I76), resumen!$E$4, I76) -> 24
A77: 76 | B77: MUJER | C77: 278035 | D77: TRABAJADOR INDEPENDIENTE | E77: SECTOR PRIVADO | F77: SI | G77: NO | H77: SI | I77: 27 | J77: =IFERROR(IF(ABS((C77-resumen!$D$3)/resumen!$D$5) > 1.96, "SI", "NO"), _xleta.NOT) -> NO | K77: =IFERROR(IF(ABS((I77-resumen!$E$3)/resumen!$E$5) > 1.96, "SI", "NO"), _xleta.NOT) -> NO | L77: =IF(ISBLANK(C77), resumen!$D$4, C77) -> 278035 | M77: =IF(ISBLANK(I77), resumen!$E$4, I77) -> 27
A78: 77 | B78: HOMBRE | C78: 297046 | D78: ASEGURADO VOLUNTARIO | E78: SECTOR PRIVADO | F78: NO | G78: NO | H78: SI | I78: 29 | J78: =IFERROR(IF(ABS((C78-resumen!$D$3)/resumen!$D$5) > 1.96, "SI", "NO"), _xleta.NOT) -> NO | K78: =IFERROR(IF(ABS((I78-resumen!$E$3)/resumen!$E$5) > 1.96, "SI", "NO"), _xleta.NOT) -> NO | L78: =IF(ISBLANK(C78), resumen!$D$4, C78) -> 297046 | M78: =IF(ISBLANK(I78), resumen!$E$4, I78) -> 29
A79: 78 | B79: MUJER | C79: 643859.2 | D79: ASALARIADO | E79: SECTOR PUBLICO | F79: SI | G79: NO | H79: NO | I79: 35 | J79: =IFERROR(IF(ABS((C79-resumen!$D$3)/resumen!$D$5) > 1.96, "SI", "NO"), _xleta.NOT) -> NO | K79: =IFERROR(IF(ABS((I79-resumen!$E$3)/resumen!$E$5) > 1.96, "SI", "NO"), _xleta.NOT) -> NO | L79: =IF(ISBLANK(C79), resumen!$D$4, C79) -> 643859.2 | M79: =IF(ISBLANK(I79), resumen!$E$4, I79) -> 35
A80: 79 | B80: HOMBRE | C80: 364678.16 | D80: ASALARIADO | E80: SECTOR PRIVADO | F80: SI | G80: NO | H80: NO | I80: 28 | J80: =IFERROR(IF(ABS((C80-resumen!$D$3)/resumen!$D$5) > 1.96, "SI", "NO"), _xleta.NOT) -> NO | K80: =IFERROR(IF(ABS((I80-resumen!$E$3)/resumen!$E$5) > 1.96, "SI", "NO"), _xleta.NOT) -> NO | L80: =IF(ISBLANK(C80), resumen!$D$4, C80) -> 364678.16 | M80: =IF(ISBLANK(I80), resumen!$E$4, I80) -> 28
A81: 80 | B81: MUJER | C81: 297046 | D81: ASEGURADO VOLUNTARIO | E81: SECTOR PRIVADO | F81: SI | G81: NO | H81: NO | I81: 50 | J81: =IFERROR(IF(ABS((C81-resumen!$D$3)/resumen!$D$5) > 1.96, "SI", "NO"), _xleta.NOT) -> NO | K81: =IFERROR(IF(ABS((I81-resumen!$E$3)/resumen!$E$5) > 1.96, "SI", "NO"), _xleta.NOT) -> NO | L81: =IF(ISBLANK(C81), resumen!$D$4, C81) -> 297046 | M81: =IF(ISBLANK(I81), resumen!$E$4, I81) -> 50
A82: 81 | B82: MUJER | C82: 909000 | D82: ASALARIADO | E82: SECTOR PRIVADO | F82: SI | G82: NO | H82: SI | I82: 27 | J82: =IFERROR(IF(ABS((C82-resumen!$D$3)/resumen!$D$5) > 1.96, "SI", "NO"), _xleta.NOT) -> NO | K82: =IFERROR(IF(ABS((I82-resumen!$E$3)/resumen!$E$5) > 1.96, "SI", "NO"), _xleta.NOT) -> NO | L82: =IF(ISBLANK(C82), resumen!$D$4, C82) -> 909000 | M82: =IF(ISBLANK(I82), resumen!$E$4, I82) -> 27
A83: 82 | B83: MUJER | C83: 1769611 | D83: ASALARIADO | E83: SECTOR PUBLICO | F83: SI | G83: NO | H83: NO | I83: 56 | J83: =IFERROR(IF(ABS((C83-resumen!$D$3)/resumen!$D$5) > 1.96, "SI", "NO"), _xleta.NOT) -> NO | K83: =IFERROR(IF(ABS((I83-resumen!$E$3)/resumen!$E$5) > 1.96, "SI", "NO"), _xleta.NOT) -> NO | L83: =IF(ISBLANK(C83), resumen!$D$4, C83) -> 1769611 | M83: =IF(ISBLANK(I83), resumen!$E$4, I83) -> 56
A84: 83 | B84: HOMBRE | C84: 415861 | D84: TRABAJADOR INDEPENDIENTE | E84: SECTOR PRIVADO | F84: SI | G84: NO | H84: SI | I84: 34 | J84: =IFERROR(IF(ABS((C84-resumen!$D$3)/resumen!$D$5) > 1.96, "SI", "NO"), _xleta.NOT) -> NO | K84: =IFERROR(IF(ABS((I84-resumen!$E$3)/resumen!$E$5) > 1.96, "SI", "NO"), _xleta.NOT) -> NO | L84: =IF(ISBLANK(C84), resumen!$D$4, C84) -> 415861 | M84: =IF(ISBLANK(I84), resumen!$E$4, I84) -> 34
A85: 84 | B85: MUJER | C85: 1404047 | D85: ASALARIADO | E85: SECTOR PUBLICO | F85: SI | G85: NO | H85: SI | I85: 53 | J85: =IFERROR(IF(ABS((C85-resumen!$D$3)/resumen!$D$5) > 1.96, "SI", "NO"), _xleta.NOT) -> NO | K85: =IFERROR(IF(ABS((I85-resumen!$E$3)/resumen!$E$5) > 1.96, "SI", "NO"), _xleta.NOT) -> NO | L85: =IF(ISBLANK(C85), resumen!$D$4, C85) -> 1404047 | M85: =IF(ISBLANK(I85), resumen!$E$4, I85) -> 53
... A151: 150 | B151: MUJER | C151: 304345 | D151: ASEGURADO VOLUNTARIO | E151: SECTOR PRIVADO | F151: SI | G151: NO | H151: NO | I151: 50 | J151: =IFERROR(IF(ABS((C151-resumen!$D$3)/resumen!$D$5) > 1.96, "SI", "NO"), _xleta.NOT) -> NO | K151: =IFERROR(IF(ABS((I151-resumen!$E$3)/resumen!$E$5) > 1.96, "SI", "NO"), _xleta.NOT) -> NO | L151: =IF(ISBLANK(C151), resumen!$D$4, C151) -> 304345 | M151: =IF(ISBLANK(I151), resumen!$E$4, I151) -> 50
A152: 151 | B152: MUJER | C152: 299647 | E152: SECTOR PRIVADO | F152: SI | G152: NO | H152: NO | I152: 40 | J152: =IFERROR(IF(ABS((C152-resumen!$D$3)/resumen!$D$5) > 1.96, "SI", "NO"), _xleta.NOT) -> NO | K152: =IFERROR(IF(ABS((I152-resumen!$E$3)/resumen!$E$5) > 1.96, "SI", "NO"), _xleta.NOT) -> NO | L152: =IF(ISBLANK(C152), resumen!$D$4, C152) -> 299647 | M152: =IF(ISBLANK(I152), resumen!$E$4, I152) -> 40
A153: 152 | B153: HOMBRE | C153: 253472 | D153: ASALARIADO | E153: SECTOR PRIVADO | F153: SI | G153: SI | H153: NO | I153: 21 | J153: =IFERROR(IF(ABS((C153-resumen!$D$3)/resumen!$D$5) > 1.96, "SI", "NO"), _xleta.NOT) -> NO | K153: =IFERROR(IF(ABS((I153-resumen!$E$3)/resumen!$E$5) > 1.96, "SI", "NO"), _xleta.NOT) -> NO | L153: =IF(ISBLANK(C153), resumen!$D$4, C153) -> 253472 | M153: =IF(ISBLANK(I153), resumen!$E$4, I153) -> 21
A154: 153 | B154: HOMBRE | C154: 851079 | D154: ASALARIADO | E154: SECTOR PRIVADO | F154: SI | G154: NO | H154: NO | I154: 58 | J154: =IFERROR(IF(ABS((C154-resumen!$D$3)/resumen!$D$5) > 1.96, "SI", "NO"), _xleta.NOT) -> NO | K154: =IFERROR(IF(ABS((I154-resumen!$E$3)/resumen!$E$5) > 1.96, "SI", "NO"), _xleta.NOT) -> NO | L154: =IF(ISBLANK(C154), resumen!$D$4, C154) -> 851079 | M154: =IF(ISBLANK(I154), resumen!$E$4, I154) -> 58
A155: 154 | B155: MUJER | C155: 353911.5 | D155: ASALARIADO | E155: SECTOR PUBLICO | F155: SI | G155: NO | H155: NO | I155: 41 | J155: =IFERROR(IF(ABS((C155-resumen!$D$3)/resumen!$D$5) > 1.96, "SI", "NO"), _xleta.NOT) -> NO | K155: =IFERROR(IF(ABS((I155-resumen!$E$3)/resumen!$E$5) > 1.96, "SI", "NO"), _xleta.NOT) -> NO | L155: =IF(ISBLANK(C155), resumen!$D$4, C155) -> 353911.5 | M155: =IF(ISBLANK(I155), resumen!$E$4, I155) -> 41
A156: 155 | B156: MUJER | C156: 513465 | D156: ASALARIADO | E156: SECTOR PRIVADO | F156: SI | G156: NO | H156: NO | I156: 49 | J156: =IFERROR(IF(ABS((C156-resumen!$D$3)/resumen!$D$5) > 1.96, "SI", "NO"), _xleta.NOT) -> NO | K156: =IFERROR(IF(ABS((I156-resumen!$E$3)/resumen!$E$5) > 1.96, "SI", "NO"), _xleta.NOT) -> NO | L156: =IF(ISBLANK(C156), resumen!$D$4, C156) -> 513465 | M156: =IF(ISBLANK(I156), resumen!$E$4, I156) -> 49
A157: 156 | B157: HOMBRE | C157: 300018 | D157: ASEGURADO VOLUNTARIO | E157: SECTOR PRIVADO | F157: SI | G157: NO | H157: NO | I157: 57 | J157: =IFERROR(IF(ABS((C157-resumen!$D$3)/resumen!$D$5) > 1.96, "SI", "NO"), _xleta.NOT) -> NO | K157: =IFERROR(IF(ABS((I157-resumen!$E$3)/resumen!$E$5) > 1.96, "SI", "NO"), _xleta.NOT) -> NO | L157: =IF(ISBLANK(C157), resumen!$D$4, C157) -> 300018 | M157: =IF(ISBLANK(I157), resumen!$E$4, I157) -> 57
A158: 157 | B158: HOMBRE | C158: 659491.08 | D158: ASALARIADO | E158: SECTOR PRIVADO | F158: SI | G158: NO | H158: NO | I158: 27 | J158: =IFERROR(IF(ABS((C158-resumen!$D$3)/resumen!$D$5) > 1.96, "SI", "NO"), _xleta.NOT) -> NO | K158: =IFERROR(IF(ABS((I158-resumen!$E$3)/resumen!$E$5) > 1.96, "SI", "NO"), _xleta.NOT) -> NO | L158: =IF(ISBLANK(C158), resumen!$D$4, C158) -> 659491.08 | M158: =IF(ISBLANK(I158), resumen!$E$4, I158) -> 27
A159: 158 | B159: HOMBRE | C159: 356000 | D159: ASALARIADO | E159: SECTOR PRIVADO | F159: SI | G159: NO | H159: SI | I159: 56 | J159: =IFERROR(IF(ABS((C159-resumen!$D$3)/resumen!$D$5) > 1.96, "SI", "NO"), _xleta.NOT) -> NO | K159: =IFERROR(IF(ABS((I159-resumen!$E$3)/resumen!$E$5) > 1.96, "SI", "NO"), _xleta.NOT) -> NO | L159: =IF(ISBLANK(C159), resumen!$D$4, C159) -> 356000 | M159: =IF(ISBLANK(I159), resumen!$E$4, I159) -> 56
A160: 159 | B160: HOMBRE | C160: 315941 | D160: ASALARIADO | E160: SECTOR PRIVADO | F160: SI | G160: SI | H160: NO | I160: 52 | J160: =IFERROR(IF(ABS((C160-resumen!$D$3)/resumen!$D$5) > 1.96, "SI", "NO"), _xleta.NOT) -> NO | K160: =IFERROR(IF(ABS((I160-resumen!$E$3)/resumen!$E$5) > 1.96, "SI", "NO"), _xleta.NOT) -> NO | L160: =IF(ISBLANK(C160), resumen!$D$4, C160) -> 315941 | M160: =IF(ISBLANK(I160), resumen!$E$4, I160) -> 52
A161: 160 | B161: HOMBRE | C161: 427506.38 | D161: CONVENIOS ESPECIALES DE TRABAJADORES INDEPENDIENTES | E161: SECTOR PRIVADO | F161: SI | G161: NO | H161: NO | I161: 28 | J161: =IFERROR(IF(ABS((C161-resumen!$D$3)/resumen!$D$5) > 1.96, "SI", "NO"), _xleta.NOT) -> NO | K161: =IFERROR(IF(ABS((I161-resumen!$E$3)/resumen!$E$5) > 1.96, "SI", "NO"), _xleta.NOT) -> NO | L161: =IF(ISBLANK(C161), resumen!$D$4, C161) -> 427506.38 | M161: =IF(ISBLANK(I161), resumen!$E$4, I161) -> 28
A162: 161 | B162: HOMBRE | C162: 299441 | D162: TRABAJADOR INDEPENDIENTE | E162: SECTOR PRIVADO | F162: SI | G162: NO | H162: NO | I162: 54 | J162: =IFERROR(IF(ABS((C162-resumen!$D$3)/resumen!$D$5) > 1.96, "SI", "NO"), _xleta.NOT) -> NO | K162: =IFERROR(IF(ABS((I162-resumen!$E$3)/resumen!$E$5) > 1.96, "SI", "NO"), _xleta.NOT) -> NO | L162: =IF(ISBLANK(C162), resumen!$D$4, C162) -> 299441 | M162: =IF(ISBLANK(I162), resumen!$E$4, I162) -> 54
A163: 162 | B163: HOMBRE | C163: 360458 | D163: ASALARIADO | E163: SECTOR PUBLICO | F163: SI | G163: NO | H163: NO | I163: 30 | J163: =IFERROR(IF(ABS((C163-resumen!$D$3)/resumen!$D$5) > 1.96, "SI", "NO"), _xleta.NOT) -> NO | K163: =IFERROR(IF(ABS((I163-resumen!$E$3)/resumen!$E$5) > 1.96, "SI", "NO"), _xleta.NOT) -> NO | L163: =IF(ISBLANK(C163), resumen!$D$4, C163) -> 360458 | M163: =IF(ISBLANK(I163), resumen!$E$4, I163) -> 30
A164: 163 | B164: HOMBRE | C164: 297050 | D164: TRABAJADOR INDEPENDIENTE | E164: SECTOR PRIVADO | F164: SI | G164: NO | H164: NO | I164: 46 | J164: =IFERROR(IF(ABS((C164-resumen!$D$3)/resumen!$D$5) > 1.96, "SI", "NO"), _xleta.NOT) -> NO | K164: =IFERROR(IF(ABS((I164-resumen!$E$3)/resumen!$E$5) > 1.96, "SI", "NO"), _xleta.NOT) -> NO | L164: =IF(ISBLANK(C164), resumen!$D$4, C164) -> 297050 | M164: =IF(ISBLANK(I164), resumen!$E$4, I164) -> 46
... A5000: 4999 | B5000: HOMBRE | C5000: 1898332.8 | D5000: ASALARIADO | E5000: SECTOR PRIVADO | F5000: SI | G5000: SI | H5000: NO | I5000: 42 | J5000: =IFERROR(IF(ABS((C5000-resumen!$D$3)/resumen!$D$5) > 1.96, "SI", "NO"), _xleta.NOT) -> NO | K5000: =IFERROR(IF(ABS((I5000-resumen!$E$3)/resumen!$E$5) > 1.96, "SI", "NO"), _xleta.NOT) -> NO | L5000: =IF(ISBLANK(C5000), resumen!$D$4, C5000) -> 1898332.8 | M5000: =IF(ISBLANK(I5000), resumen!$E$4, I5000) -> 42
A5001: 5000 | B5001: HOMBRE | C5001: 489078.33 | D5001: ASALARIADO | E5001: SECTOR PRIVADO | F5001: SI | G5001: NO | H5001: NO | I5001: 41 | J5001: =IFERROR(IF(ABS((C5001-resumen!$D$3)/resumen!$D$5) > 1.96, "SI", "NO"), _xleta.NOT) -> NO | K5001: =IFERROR(IF(ABS((I5001-resumen!$E$3)/resumen!$E$5) > 1.96, "SI", "NO"), _xleta.NOT) -> NO | L5001: =IF(ISBLANK(C5001), resumen!$D$4, C5001) -> 489078.33 | M5001: =IF(ISBLANK(I5001), resumen!$E$4, I5001) -> 41 | Z5001: Anthonny Flores Rojas C32975

Sheet resumen
B2: RESUMEN | C2: IDENTIFICACION | D2: SALARIO | E2: EDAD
B3: Promedio | C3: =AVERAGE(moras!A2:A5001) -> 2500.5 | D3: =AVERAGE(moras!C2:C5001) -> 657534.29 | E3: =AVERAGE(moras!I2:I5001) -> 41.906344
B4: Mediana | C4: =MEDIAN(moras!A2:A5001) -> 2500.5 | D4: =MEDIAN(moras!C2:C5001) -> 408495 | E4: =MEDIAN(moras!I2:I5001) -> 40
B5: Desviacion estandar | C5: =_xlfn.STDEV.P(moras!A2:A5001) -> 1443.3756 | D5: =_xlfn.STDEV.P(moras!C2:C5001) -> 810921.27 | E5: =_xlfn.STDEV.P(moras!I2:I5001) -> 14.167839
B6: Minimo | C6: =MIN(moras!A2:A5001) -> 1 | D6: =MIN(moras!C2:C5001) -> 10 | E6: =MIN(moras!I2:I5001) -> 14
B7: Maximo | C7: =MAX(moras!A2:A5001) -> 5000 | D7: =MAX(moras!C2:C5001) -> 16858742 | E7: =MAX(moras!I2:I5001) -> 99
B10: VALORES FALTANTES | C10: IDENTIFICACION | D10: SEXO | E10: SALARIO | F10: TIPO_ASEGURAMIENTO | G10: SECTOR | H10: INDICADOR_ACTIVO | I10: INDICADOR_EXTRANJERO | J10: INDICADOR_MOROSO | K10: EDAD | L10: VALOR_ATIPICO_SALARIO | M10: VALOR_ATIPICO_EDAD
B11: Porcentaje | C11: =COUNTBLANK(moras!A2:A5001)/COUNTA(moras!A2:A5001) -> 0 | D11: =COUNTBLANK(moras!B2:B5001)/COUNTA(moras!B2:B5001) -> 0 | E11: =COUNTBLANK(moras!C2:C5001)/COUNTA(moras!C2:C5001) -> 0.00060036022 | F11: =COUNTBLANK(moras!D2:D5001)/COUNTA(moras!D2:D5001) -> 0.0004 | G11: =COUNTBLANK(moras!E2:E5001)/COUNTA(moras!E2:E5001) -> 0 | H11: =COUNTBLANK(moras!F2:F5001)/COUNTA(moras!F2:F5001) -> 0 | I11: =COUNTBLANK(moras!G2:G5001)/COUNTA(moras!G2:G5001) -> 0 | J11: =COUNTBLANK(moras!H2:H5001)/COUNTA(moras!H2:H5001) -> 0 | ... M11: =COUNTBLANK(moras!K2:K5001)/COUNTA(moras!K2:K5001) -> 0
E12: Se modifico con mediana | F12: No se modifica, asumo que puede traer problemas legales | K12: Se modifico con mediana

Sheet graficos
AA1: Morosidad | AB1: No morosidad
B2: Hombres | C2: =COUNTIF(moras!B2:B5001, "HOMBRE") -> 3012 | Q2: Hombres | R2: Mujeres | Z2: ASALARIADO | AA2: =COUNTIFS(moras!D2:D5001,Z2,moras!H2:H5001,"SI") -> 414 | AB2: =COUNTIFS(moras!D2:D5001,Z2,moras!H2:H5001,"NO") -> 3048 | AC2: =-AB2 -> -3048
B3: Mujeres | C3: =COUNTIF(moras!B2:B5001, "MUJER") -> 1988 | P3: Morosos | Q3: =COUNTIFS(moras!B2:B5001,"HOMBRE",moras!H2:H5001,"SI") -> 534 | R3: =COUNTIFS(moras!B2:B5001,"MUJER",moras!H2:H5001,"SI") -> 336 | S3: =-R3 -> -336 | Z3: PENSIONADOS EN SU PROPIO SISTEMA | AA3: =COUNTIFS(moras!D3:D5002,Z3,moras!H3:H5002,"SI") -> 0 | AB3: =COUNTIFS(moras!D3:D5002,Z3,moras!H3:H5002,"NO") -> 212 | AC3: =-AB3 -> -212
P4: No morosos | Q4: =COUNTIFS(moras!B2:B5001,"HOMBRE",moras!H2:H5001,"NO") -> 2478 | R4: =COUNTIFS(moras!B2:B5001,"MUJER",moras!H2:H5001,"NO") -> 1652 | S4: =-R4 -> -1652 | Z4: ASEGURADO VOLUNTARIO | AA4: =COUNTIFS(moras!D4:D5003,Z4,moras!H4:H5003,"SI") -> 58 | AB4: =COUNTIFS(moras!D4:D5003,Z4,moras!H4:H5003,"NO") -> 378 | AC4: =-AB4 -> -378
Q5: =-Q4 -> -2478 | R5: =-R4 -> -1652 | Z5: TRABAJADOR INDEPENDIENTE | AA5: =COUNTIFS(moras!D5:D5004,Z5,moras!H5:H5004,"SI") -> 393 | AB5: =COUNTIFS(moras!D5:D5004,Z5,moras!H5:H5004,"NO") -> 307 | AC5: =-AB5 -> -307
Z6: CONVENIOS ESPECIALES DE TRABAJADORES INDEPENDIENTES | AA6: =COUNTIFS(moras!D6:D5005,Z6,moras!H6:H5005,"SI") -> 4 | AB6: =COUNTIFS(moras!D6:D5005,Z6,moras!H6:H5005,"NO") -> 153 | AC6: =-AB6 -> -153
Z7: CONVENIOS ESPECIALES DE ASEGURADOS VOLUNTARIOS | AA7: =COUNTIFS(moras!D7:D5006,Z7,moras!H7:H5006,"SI") -> 0 | AB7: =COUNTIFS(moras!D7:D5006,Z7,moras!H7:H5006,"NO") -> 31 | AC7: =-AB7 -> -31
Q9: Morosos | R9: No morosos
P10: Salarios | Q10: =IF(moras!H2="SI", moras!C2, "") | R10: =IF(moras!H2="NO", moras!C2, "") -> 0 | S10: =-R10 -> 0
Q11: =IF(moras!H3="SI", moras!C3, "") | R11: =IF(moras!H3="NO", moras!C3, "") -> 3315014 | S11: =-R11 -> -3315014
Q12: =IF(moras!H4="SI", moras!C4, "") | R12: =IF(moras!H4="NO", moras!C4, "") -> 270486.01 | S12: =-R12 -> -270486.01
Q13: =IF(moras!H5="SI", moras!C5, "") | R13: =IF(moras!H5="NO", moras!C5, "") -> 544949.83 | S13: =-R13 -> -544949.83 | Y13: Morosidad | Z13: No morosidad
Q14: =IF(moras!H6="SI", moras!C6, "") | R14: =IF(moras!H6="NO", moras!C6, "") -> 210000 | S14: =-R14 -> -210000 | X14: SECTOR PUBLICO | Y14: =COUNTIFS(moras!E2:E5001,X14,moras!H2:H5001,"SI") -> 166 | Z14: =COUNTIFS(moras!E2:E5001,X14,moras!H2:H5001,"NO") -> 928 | AA14: =-Z14 -> -928
Q15: =IF(moras!H7="SI", moras!C7, "") | R15: =IF(moras!H7="NO", moras!C7, "") -> 397150 | S15: =-R15 -> -397150 | X15: SECTOR PRIVADO | Y15: =COUNTIFS(moras!E3:E5002,X15,moras!H3:H5002,"SI") -> 704 | Z15: =COUNTIFS(moras!E3:E5002,X15,moras!H3:H5002,"NO") -> 3202 | AA15: =-Z15 -> -3202
Q16: =IF(moras!H8="SI", moras!C8, "") | R16: =IF(moras!H8="NO", moras!C8, "") -> 854712 | S16: =-R16 -> -854712
Q17: =IF(moras!H9="SI", moras!C9, "") -> 401000 | R17: =IF(moras!H9="NO", moras!C9, "") | S17: =-R17 -> #VALUE!
Q18: =IF(moras!H10="SI", moras!C10, "") | R18: =IF(moras!H10="NO", moras!C10, "") -> 264703.96 | S18: =-R18 -> -264703.96
Q19: =IF(moras!H11="SI", moras!C11, "") | R19: =IF(moras!H11="NO", moras!C11, "") -> 4677126.8 | S19: =-R19 -> -4677126.8
Q20: =IF(moras!H12="SI", moras!C12, "") | R20: =IF(moras!H12="NO", moras!C12, "") -> 1200000 | S20: =-R20 -> -1200000
Q21: =IF(moras!H13="SI", moras!C13, "") -> 1030132 | R21: =IF(moras!H13="NO", moras!C13, "") | S21: =-R21 -> #VALUE!
Q22: =IF(moras!H14="SI", moras!C14, "") | R22: =IF(moras!H14="NO", moras!C14, "") -> 731287.5 | S22: =-R22 -> -731287.5
Q23: =IF(moras!H15="SI", moras!C15, "") | R23: =IF(moras!H15="NO", moras!C15, "") -> 282305 | S23: =-R23 -> -282305
Q24: =IF(moras!H16="SI", moras!C16, "") | R24: =IF(moras!H16="NO", moras!C16, "") -> 343390.86 | S24: =-R24 -> -343390.86
Q25: =IF(moras!H17="SI", moras!C17, "") | R25: =IF(moras!H17="NO", moras!C17, "") -> 1943489.5 | S25: =-R25 -> -1943489.5
Q26: =IF(moras!H18="SI", moras!C18, "") -> 1108980 | R26: =IF(moras!H18="NO", moras!C18, "") | S26: =-R26 -> #VALUE!
Q27: =IF(moras!H19="SI", moras!C19, "") | R27: =IF(moras!H19="NO", moras!C19, "") -> 133157 | S27: =-R27 -> -133157
Q28: =IF(moras!H20="SI", moras!C20, "") | R28: =IF(moras!H20="NO", moras!C20, "") -> 553939 | S28: =-R28 -> -553939
Q29: =IF(moras!H21="SI", moras!C21, "") -> 309820 | R29: =IF(moras!H21="NO", moras!C21, "") | S29: =-R29 -> #VALUE! | Y29: Morosidad | Z29: No morosidad
Q30: =IF(moras!H22="SI", moras!C22, "") | R30: =IF(moras!H22="NO", moras!C22, "") -> 0 | S30: =-R30 -> 0 | X30: SI | Y30: =COUNTIFS(moras!F2:F5001,X30,moras!H2:H5001,"SI") -> 852 | Z30: =COUNTIFS(moras!F2:F5001,X30,moras!H2:H5001,"NO") -> 4114 | AA30: =-Z30 -> -4114
Q31: =IF(moras!H23="SI", moras!C23, "") | R31: =IF(moras!H23="NO", moras!C23, "") -> 278030 | S31: =-R31 -> -278030 | X31: NO | Y31: =COUNTIFS(moras!F3:F5002,X31,moras!H3:H5002,"SI") -> 18 | Z31: =COUNTIFS(moras!F2:F5001,X31,moras!H2:H5001,"NO") -> 16 | AA31: =-Z31 -> -16
Q32: =IF(moras!H24="SI", moras!C24, "") | R32: =IF(moras!H24="NO", moras!C24, "") -> 2124814 | S32: =-R32 -> -2124814
Q33: =IF(moras!H25="SI", moras!C25, "") | R33: =IF(moras!H25="NO", moras!C25, "") -> 191744.68 | S33: =-R33 -> -191744.68
Q34: =IF(moras!H26="SI", moras!C26, "") -> 1117489 | R34: =IF(moras!H26="NO", moras!C26, "") | S34: =-R34 -> #VALUE!
Q35: =IF(moras!H27="SI", moras!C27, "") | R35: =IF(moras!H27="NO", moras!C27, "") -> 1451530 | S35: =-R35 -> -1451530
Q36: =IF(moras!H28="SI", moras!C28, "") | R36: =IF(moras!H28="NO", moras!C28, "") -> 66700 | S36: =-R36 -> -66700
Q37: =IF(moras!H29="SI", moras!C29, "") | R37: =IF(moras!H29="NO", moras!C29, "") -> 73410 | S37: =-R37 -> -73410
Q38: =IF(moras!H30="SI", moras!C30, "") | R38: =IF(moras!H30="NO", moras!C30, "") -> 815355.66 | S38: =-R38 -> -815355.66
Q39: =IF(moras!H31="SI", moras!C31, "") | R39: =IF(moras!H31="NO", moras!C31, "") -> 398125 | S39: =-R39 -> -398125
Q40: =IF(moras!H32="SI", moras!C32, "") | R40: =IF(moras!H32="NO", moras!C32, "") -> 606763.96 | S40: =-R40 -> -606763.96
B41: TIPO_ASEGURAMIENTO | Q41: =IF(moras!H33="SI", moras!C33, "") -> 360420 | R41: =IF(moras!H33="NO", moras!C33, "") | S41: =-R41 -> #VALUE!
B42: ASALARIADO | C42: =COUNTIF(moras!$D$2:$D$5001, B42) -> 3462 | Q42: =IF(moras!H34="SI", moras!C34, "") | R42: =IF(moras!H34="NO", moras!C34, "") -> 297046 | S42: =-R42 -> -297046
B43: PENSIONADOS EN SU PROPIO SISTEMA | C43: =COUNTIF(moras!$D$2:$D$5001, B43) -> 212 | Q43: =IF(moras!H35="SI", moras!C35, "") | R43: =IF(moras!H35="NO", moras!C35, "") -> 558030 | S43: =-R43 -> -558030
B44: ASEGURADO VOLUNTARIO | C44: =COUNTIF(moras!$D$2:$D$5001, B44) -> 436 | Q44: =IF(moras!H36="SI", moras!C36, "") | R44: =IF(moras!H36="NO", moras!C36, "") -> 68309.03 | S44: =-R44 -> -68309.03
B45: TRABAJADOR INDEPENDIENTE | C45: =COUNTIF(moras!$D$2:$D$5001, B45) -> 700 | Q45: =IF(moras!H37="SI", moras!C37, "") | R45: =IF(moras!H37="NO", moras!C37, "") -> 0 | S45: =-R45 -> 0
B46: CONVENIOS ESPECIALES DE TRABAJADORES INDEPENDIENTES | C46: =COUNTIF(moras!$D$2:$D$5001, B46) -> 157 | Q46: =IF(moras!H38="SI", moras!C38, "") | R46: =IF(moras!H38="NO", moras!C38, "") -> 1552307.5 | S46: =-R46 -> -1552307.5 | Y46: Morosidad | Z46: No morosidad
B47: CONVENIOS ESPECIALES DE ASEGURADOS VOLUNTARIOS | C47: =COUNTIF(moras!$D$2:$D$5001, B47) -> 31 | Q47: =IF(moras!H39="SI", moras!C39, "") | R47: =IF(moras!H39="NO", moras!C39, "") -> 1531575 | S47: =-R47 -> -1531575 | X47: SI | Y47: =COUNTIFS(moras!G2:G5001,X47,moras!H2:H5001,"SI") -> 145 | Z47: =COUNTIFS(moras!G2:G5001,X47,moras!H2:H5001,"NO") -> 458 | AA47: =-Z47 -> -458
Q48: =IF(moras!H40="SI", moras!C40, "") | R48: =IF(moras!H40="NO", moras!C40, "") -> 3220569.1 | S48: =-R48 -> -3220569.1 | X48: NO | Y48: =COUNTIFS(moras!G3:G5002,X48,moras!H3:H5002,"SI") -> 725 | Z48: =COUNTIFS(moras!G3:G5002,X48,moras!H3:H5002,"NO") -> 3671 | AA48: =-Z48 -> -3671
Q49: =IF(moras!H41="SI", moras!C41, "") -> 658917 | R49: =IF(moras!H41="NO", moras!C41, "") | S49: =-R49 -> #VALUE!
Q50: =IF(moras!H42="SI", moras!C42, "") | R50: =IF(moras!H42="NO", moras!C42, "") -> 631707.6 | S50: =-R50 -> -631707.6
Q51: =IF(moras!H43="SI", moras!C43, "") | R51: =IF(moras!H43="NO", moras!C43, "") -> 977376 | S51: =-R51 -> -977376
Q52: =IF(moras!H44="SI", moras!C44, "") | R52: =IF(moras!H44="NO", moras!C44, "") -> 278030 | S52: =-R52 -> -278030
Q53: =IF(moras!H45="SI", moras!C45, "") | R53: =IF(moras!H45="NO", moras!C45, "") -> 633750 | S53: =-R53 -> -633750
Q54: =IF(moras!H46="SI", moras!C46, "") | R54: =IF(moras!H46="NO", moras!C46, "") -> 376776 | S54: =-R54 -> -376776
Q55: =IF(moras!H47="SI", moras!C47, "") | R55: =IF(moras!H47="NO", moras!C47, "") -> 1878386.2 | S55: =-R55 -> -1878386.2
Q56: =IF(moras!H48="SI", moras!C48, "") | R56: =IF(moras!H48="NO", moras!C48, "") -> 2224883 | S56: =-R56 -> -2224883
Q57: =IF(moras!H49="SI", moras!C49, "") | R57: =IF(moras!H49="NO", moras!C49, "") -> 349000 | S57: =-R57 -> -349000
Q58: =IF(moras!H50="SI", moras!C50, "") | R58: =IF(moras!H50="NO", moras!C50, "") -> 675069.69 | S58: =-R58 -> -675069.69
Q59: =IF(moras!H51="SI", moras!C51, "") | R59: =IF(moras!H51="NO", moras!C51, "") -> 443282 | S59: =-R59 -> -443282
Q60: =IF(moras!H52="SI", moras!C52, "") | R60: =IF(moras!H52="NO", moras!C52, "") -> 297044.99 | S60: =-R60 -> -297044.99
Q61: =IF(moras!H53="SI", moras!C53, "") | R61: =IF(moras!H53="NO", moras!C53, "") -> 1505458.9 | S61: =-R61 -> -1505458.9 | Y61: Morosidad | Z61: No morosidad
Q62: =IF(moras!H54="SI", moras!C54, "") | R62: =IF(moras!H54="NO", moras!C54, "") -> 743436 | S62: =-R62 -> -743436 | X62: SI | Y62: =COUNTIFS(moras!H2:H5001,X62,moras!H2:H5001,"SI") -> 870 | Z62: =COUNTIFS(moras!H2:H5001,X62,moras!H2:H5001,"NO") -> 0
Q63: =IF(moras!H55="SI", moras!C55, "") | R63: =IF(moras!H55="NO", moras!C55, "") -> 379422 | S63: =-R63 -> -379422 | X63: NO | Y63: =COUNTIFS(moras!H3:H5002,X63,moras!H3:H5002,"SI") -> 0 | Z63: =COUNTIFS(moras!H3:H5002,X63,moras!H3:H5002,"NO") -> 4129
Q64: =IF(moras!H56="SI", moras!C56, "") | R64: =IF(moras!H56="NO", moras!C56, "") -> 300000 | S64: =-R64 -> -300000
Q65: =IF(moras!H57="SI", moras!C57, "") | R65: =IF(moras!H57="NO", moras!C57, "") -> 159787.22 | S65: =-R65 -> -159787.22
B66: SECTOR PUBLICO | C66: =COUNTIF(moras!$E$2:$E$5001, B66) -> 1094 | Q66: =IF(moras!H58="SI", moras!C58, "") | R66: =IF(moras!H58="NO", moras!C58, "") -> 267741.04 | S66: =-R66 -> -267741.04
B67: SECTOR PRIVADO | C67: =COUNTIF(moras!$E$2:$E$5001, B67) -> 3906 | Q67: =IF(moras!H59="SI", moras!C59, "") | R67: =IF(moras!H59="NO", moras!C59, "") -> 376777 | S67: =-R67 -> -376777
Q68: =IF(moras!H60="SI", moras!C60, "") -> 386161 | R68: =IF(moras!H60="NO", moras!C60, "") | S68: =-R68 -> #VALUE!
Q69: =IF(moras!H61="SI", moras!C61, "") | R69: =IF(moras!H61="NO", moras!C61, "") -> 278030 | S69: =-R69 -> -278030
Q70: =IF(moras!H62="SI", moras!C62, "") | R70: =IF(moras!H62="NO", moras!C62, "") -> 1594012.7 | S70: =-R70 -> -1594012.7
Q71: =IF(moras!H63="SI", moras!C63, "") | R71: =IF(moras!H63="NO", moras!C63, "") -> 1401725 | S71: =-R71 -> -1401725
Q72: =IF(moras!H64="SI", moras!C64, "") | R72: =IF(moras!H64="NO", moras!C64, "") -> 366358.49 | S72: =-R72 -> -366358.49
Q73: =IF(moras!H65="SI", moras!C65, "") | R73: =IF(moras!H65="NO", moras!C65, "") -> 411794 | S73: =-R73 -> -411794
Q74: =IF(moras!H66="SI", moras!C66, "") | R74: =IF(moras!H66="NO", moras!C66, "") -> 340510.83 | S74: =-R74 -> -340510.83
Q75: =IF(moras!H67="SI", moras!C67, "") | R75: =IF(moras!H67="NO", moras!C67, "") -> 3217736 | S75: =-R75 -> -3217736
Q76: =IF(moras!H68="SI", moras!C68, "") | R76: =IF(moras!H68="NO", moras!C68, "") -> 133603.53 | S76: =-R76 -> -133603.53
Q77: =IF(moras!H69="SI", moras!C69, "") | R77: =IF(moras!H69="NO", moras!C69, "") -> 140435.81 | S77: =-R77 -> -140435.81
Q78: =IF(moras!H70="SI", moras!C70, "") | R78: =IF(moras!H70="NO", moras!C70, "") -> 1866932.5 | S78: =-R78 -> -1866932.5
Q79: =IF(moras!H71="SI", moras!C71, "") | R79: =IF(moras!H71="NO", moras!C71, "") -> 299647 | S79: =-R79 -> -299647
... Q81: =IF(moras!H73="SI", moras!C73, "") -> 2128928 | R81: =IF(moras!H73="NO", moras!C73, "") | S81: =-R81 -> #VALUE!
B82: SI | C82: =COUNTIF(moras!$F$2:$F$5001, B82) -> 4966 | Q82: =IF(moras!H74="SI", moras!C74, "") | R82: =IF(moras!H74="NO", moras!C74, "") -> 278030 | S82: =-R82 -> -278030
B83: NO | C83: =COUNTIF(moras!$F$2:$F$5001, B83) -> 34 | Q83: =IF(moras!H75="SI", moras!C75, "") | R83: =IF(moras!H75="NO", moras!C75, "") -> 508972.8 | S83: =-R83 -> -508972.8 | X83: EDAD | Y83: Morosidad | Z83: No morosidad
Q84: =IF(moras!H76="SI", moras!C76, "") | R84: =IF(moras!H76="NO", moras!C76, "") -> 476424.06 | S84: =-R84 -> -476424.06 | X84: 14 | Y84: =COUNTIFS(moras!I3:I5002,X84,moras!H3:H5002,"SI") -> 0 | Z84: =COUNTIFS(moras!I3:I5002,X84,moras!H3:H5002,"NO") -> 1 | AA84: =-Z84 -> -1
Q85: =IF(moras!H77="SI", moras!C77, "") -> 278035 | R85: =IF(moras!H77="NO", moras!C77, "") | S85: =-R85 -> #VALUE! | X85: 17 | Y85: =COUNTIFS(moras!I4:I5003,X85,moras!H4:H5003,"SI") -> 0 | Z85: =COUNTIFS(moras!I4:I5003,X85,moras!H4:H5003,"NO") -> 1 | AA85: =-Z85 -> -1
Q86: =IF(moras!H78="SI", moras!C78, "") -> 297046 | R86: =IF(moras!H78="NO", moras!C78, "") | S86: =-R86 -> #VALUE! | X86: 18 | Y86: =COUNTIFS(moras!I5:I5004,X86,moras!H5:H5004,"SI") -> 1 | Z86: =COUNTIFS(moras!I5:I5004,X86,moras!H5:H5004,"NO") -> 9 | AA86: =-Z86 -> -9
Q87: =IF(moras!H79="SI", moras!C79, "") | R87: =IF(moras!H79="NO", moras!C79, "") -> 643859.2 | S87: =-R87 -> -643859.2 | X87: 19 | Y87: =COUNTIFS(moras!I6:I5005,X87,moras!H6:H5005,"SI") -> 6 | Z87: =COUNTIFS(moras!I6:I5005,X87,moras!H6:H5005,"NO") -> 26 | AA87: =-Z87 -> -26
Q88: =IF(moras!H80="SI", moras!C80, "") | R88: =IF(moras!H80="NO", moras!C80, "") -> 364678.16 | S88: =-R88 -> -364678.16 | X88: 20 | Y88: =COUNTIFS(moras!I7:I5006,X88,moras!H7:H5006,"SI") -> 3 | Z88: =COUNTIFS(moras!I7:I5006,X88,moras!H7:H5006,"NO") -> 53 | AA88: =-Z88 -> -53
Q89: =IF(moras!H81="SI", moras!C81, "") | R89: =IF(moras!H81="NO", moras!C81, "") -> 297046 | S89: =-R89 -> -297046 | X89: 21 | Y89: =COUNTIFS(moras!I8:I5007,X89,moras!H8:H5007,"SI") -> 5 | Z89: =COUNTIFS(moras!I8:I5007,X89,moras!H8:H5007,"NO") -> 69 | AA89: =-Z89 -> -69
Q90: =IF(moras!H82="SI", moras!C82, "") -> 909000 | R90: =IF(moras!H82="NO", moras!C82, "") | S90: =-R90 -> #VALUE! | X90: 22 | Y90: =COUNTIFS(moras!I9:I5008,X90,moras!H9:H5008,"SI") -> 6 | Z90: =COUNTIFS(moras!I9:I5008,X90,moras!H9:H5008,"NO") -> 79 | AA90: =-Z90 -> -79
Q91: =IF(moras!H83="SI", moras!C83, "") | R91: =IF(moras!H83="NO", moras!C83, "") -> 1769611 | S91: =-R91 -> -1769611 | X91: 23 | Y91: =COUNTIFS(moras!I10:I5009,X91,moras!H10:H5009,"SI") -> 9 | Z91: =COUNTIFS(moras!I10:I5009,X91,moras!H10:H5009,"NO") -> 61 | AA91: =-Z91 -> -61
Q92: =IF(moras!H84="SI", moras!C84, "") -> 415861 | R92: =IF(moras!H84="NO", moras!C84, "") | S92: =-R92 -> #VALUE! | X92: 24 | Y92: =COUNTIFS(moras!I11:I5010,X92,moras!H11:H5010,"SI") -> 11 | Z92: =COUNTIFS(moras!I11:I5010,X92,moras!H11:H5010,"NO") -> 95 | AA92: =-Z92 -> -95
Q93: =IF(moras!H85="SI", moras!C85, "") -> 1404047 | R93: =IF(moras!H85="NO", moras!C85, "") | S93: =-R93 -> #VALUE! | X93: 25 | Y93: =COUNTIFS(moras!I12:I5011,X93,moras!H12:H5011,"SI") -> 10 | Z93: =COUNTIFS(moras!I12:I5011,X93,moras!H12:H5011,"NO") -> 106 | AA93: =-Z93 -> -106
Q94: =IF(moras!H86="SI", moras!C86, "") | R94: =IF(moras!H86="NO", moras!C86, "") -> 457842.57 | S94: =-R94 -> -457842.57 | X94: 26 | Y94: =COUNTIFS(moras!I13:I5012,X94,moras!H13:H5012,"SI") -> 10 | Z94: =COUNTIFS(moras!I13:I5012,X94,moras!H13:H5012,"NO") -> 101 | AA94: =-Z94 -> -101
Q95: =IF(moras!H87="SI", moras!C87, "") | R95: =IF(moras!H87="NO", moras!C87, "") -> 297046 | S95: =-R95 -> -297046 | X95: 27 | Y95: =COUNTIFS(moras!I14:I5013,X95,moras!H14:H5013,"SI") -> 17 | Z95: =COUNTIFS(moras!I14:I5013,X95,moras!H14:H5013,"NO") -> 134 | AA95: =-Z95 -> -134
... Q98: =IF(moras!H90="SI", moras!C90, "") | R98: =IF(moras!H90="NO", moras!C90, "") -> 419292 | S98: =-R98 -> -419292 | X98: 30 | Y98: =COUNTIFS(moras!I17:I5016,X98,moras!H17:H5016,"SI") -> 20 | Z98: =COUNTIFS(moras!I17:I5016,X98,moras!H17:H5016,"NO") -> 106 | AA98: =-Z98 -> -106
B99: SI | C99: =COUNTIF(moras!$G$2:$G$5001, B99) -> 603 | Q99: =IF(moras!H91="SI", moras!C91, "") | R99: =IF(moras!H91="NO", moras!C91, "") -> 622035.82 | S99: =-R99 -> -622035.82 | X99: 31 | Y99: =COUNTIFS(moras!I18:I5017,X99,moras!H18:H5017,"SI") -> 20 | Z99: =COUNTIFS(moras!I18:I5017,X99,moras!H18:H5017,"NO") -> 109 | AA99: =-Z99 -> -109
B100: NO | C100: =COUNTIF(moras!$G$2:$G$5001, B100) -> 4397 | Q100: =IF(moras!H92="SI", moras!C92, "") | R100: =IF(moras!H92="NO", moras!C92, "") -> 483142.5 | S100: =-R100 -> -483142.5 | X100: 32 | Y100: =COUNTIFS(moras!I19:I5018,X100,moras!H19:H5018,"SI") -> 24 | Z100: =COUNTIFS(moras!I19:I5018,X100,moras!H19:H5018,"NO") -> 133 | AA100: =-Z100 -> -133
Q101: =IF(moras!H93="SI", moras!C93, "") | R101: =IF(moras!H93="NO", moras!C93, "") -> 609320.7 | S101: =-R101 -> -609320.7 | X101: 33 | Y101: =COUNTIFS(moras!I20:I5019,X101,moras!H20:H5019,"SI") -> 16 | Z101: =COUNTIFS(moras!I20:I5019,X101,moras!H20:H5019,"NO") -> 105 | AA101: =-Z101 -> -105
Q102: =IF(moras!H94="SI", moras!C94, "") | R102: =IF(moras!H94="NO", moras!C94, "") -> 982902.8 | S102: =-R102 -> -982902.8 | X102: 34 | Y102: =COUNTIFS(moras!I21:I5020,X102,moras!H21:H5020,"SI") -> 19 | Z102: =COUNTIFS(moras!I21:I5020,X102,moras!H21:H5020,"NO") -> 114 | AA102: =-Z102 -> -114
Q103: =IF(moras!H95="SI", moras!C95, "") | R103: =IF(moras!H95="NO", moras!C95, "") -> 800002 | S103: =-R103 -> -800002 | X103: 35 | Y103: =COUNTIFS(moras!I22:I5021,X103,moras!H22:H5021,"SI") -> 21 | Z103: =COUNTIFS(moras!I22:I5021,X103,moras!H22:H5021,"NO") -> 117 | AA103: =-Z103 -> -117
Q104: =IF(moras!H96="SI", moras!C96, "") | R104: =IF(moras!H96="NO", moras!C96, "") -> 938875 | S104: =-R104 -> -938875 | X104: 36 | Y104: =COUNTIFS(moras!I23:I5022,X104,moras!H23:H5022,"SI") -> 32 | Z104: =COUNTIFS(moras!I23:I5022,X104,moras!H23:H5022,"NO") -> 135 | AA104: =-Z104 -> -135
...
